2017-1-1,5a88aafd6514d52c7774b52e,56.56,Walmart,5144,2501,University Commons Way,Knoxville,TN,37919,0
2017-1-1,5a88ac556514d52c7774b531,11.03,McDonald's,5814,1720,Cumberland Avenue,Knoxville,TN,37916,0
2017-1-1,5a88b0b86514d52c7774b539,2.71,17th Street Deli,5814,115,17th Street,Knoxville,TN,37916,0
2017-1-1,5a88b1196514d52c7774b53a,16.55,O'Charley's,5812,8077,Kingston Pike,Knoxville,TN,37919,0
2017-1-1,5a88ae836514d52c7774b536,20.65,Weigel's,5541,3815,Western Avenue,Knoxville,TN,37921,0
2017-1-1,5a88bb496514d52c7774b547,800.00,The Standard at Knoxville,6513,705,17th Street,Knoxville,TN,37916,0
2017-1-3,5a88aafd6514d52c7774b52e,6.60,Walmart,5144,2501,University Commons Way,Knoxville,TN,37919,0
2017-1-3,5a88b0b86514d52c7774b539,7.38,17th Street Deli,5814,115,17th Street,Knoxville,TN,37916,0
2017-1-3,5a88afc26514d52c7774b538,12.25,Regal Cinema,7832,510,Gay Street,Knoxville,TN,37902,0
2017-1-3,5a88ae836514d52c7774b536,22.27,Weigel's,5541,3815,Western Avenue,Knoxville,TN,37921,0
2017-1-4,5a88afc26514d52c7774b538,12.25,Regal Cinema,7832,510,Gay Street,Knoxville,TN,37902,0
2017-1-5,5a88b3cd6514d52c7774b53e,110.84,Amazon,5144,410,Terry Avenue,Seattle,WA,98109,0
2017-1-6,5a88ac556514d52c7774b531,10.51,McDonald's,5814,1720,Cumberland Avenue,Knoxville,TN,37916,0
2017-1-6,5a88b0b86514d52c7774b539,1.33,17th Street Deli,5814,115,17th Street,Knoxville,TN,37916,0
2017-1-6,5a88bad36514d52c7774b545,10.00,Netflix,7829,100,Winchester Circle,Los Gatos,CA,95032,0
2017-1-7,5a88aafd6514d52c7774b52e,1.17,Walmart,5144,2501,University Commons Way,Knoxville,TN,37919,0
2017-1-7,5a88ac556514d52c7774b531,7.67,McDonald's,5814,1720,Cumberland Avenue,Knoxville,TN,37916,0
2017-1-8,5a88b1196514d52c7774b53a,12.14,O'Charley's,5812,8077,Kingston Pike,Knoxville,TN,37919,0
2017-1-9,5a88ac556514d52c7774b531,9.91,McDonald's,5814,1720,Cumberland Avenue,Knoxville,TN,37916,0
2017-1-9,5a88afc26514d52c7774b538,12.25,Regal Cinema,7832,510,Gay Street,Knoxville,TN,37902,0
2017-1-10,5a88aafd6514d52c7774b52e,18.46,Walmart,5144,2501,University Commons Way,Knoxville,TN,37919,0
2017-1-11,5a88abc26514d52c7774b530,36.70,Target,5144,11100,Parkside Drive,Knoxville,TN,37934,0
2017-1-13,5a88aafd6514d52c7774b52e,43.77,Walmart,5144,2501,University Commons Way,Knoxville,TN,37919,0
2017-1-14,5a88aafd6514d52c7774b52e,39.93,Walmart,5144,2501,University Commons Way,Knoxville,TN,37919,0
2017-1-14,5a88ae836514d52c7774b536,22.25,Weigel's,5541,3815,Western Avenue,Knoxville,TN,37921,0
2017-1-15,5a88afc26514d52c7774b538,12.25,Regal Cinema,7832,510,Gay Street,Knoxville,TN,37902,0
2017-1-16,5a88b3cd6514d52c7774b53e,121.44,Amazon,5144,410,Terry Avenue,Seattle,WA,98109,0
2017-1-16,5a88abc26514d52c7774b530,32.69,Target,5144,11100,Parkside Drive,Knoxville,TN,37934,0
2017-1-19,5a88aafd6514d52c7774b52e,45.05,Walmart,5144,2501,University Commons Way,Knoxville,TN,37919,0
2017-1-19,5a88ac556514d52c7774b531,9.64,McDonald's,5814,1720,Cumberland Avenue,Knoxville,TN,37916,0
2017-1-19,5a88b3cd6514d52c7774b53e,14.12,Amazon,5144,410,Terry Avenue,Seattle,WA,98109,0
2017-1-21,5a88b1196514d52c7774b53a,20.24,O'Charley's,5812,8077,Kingston Pike,Knoxville,TN,37919,0
2017-1-21,5a88abc26514d52c7774b530,37.62,Target,5144,11100,Parkside Drive,Knoxville,TN,37934,0
2017-1-22,5a88ae836514d52c7774b536,21.83,Weigel's,5541,3815,Western Avenue,Knoxville,TN,37921,0
2017-1-22,5a88abc26514d52c7774b530,60.76,Target,5144,11100,Parkside Drive,Knoxville,TN,37934,0
2017-1-23,5a88aafd6514d52c7774b52e,7.17,Walmart,5144,2501,University Commons Way,Knoxville,TN,37919,0
2017-1-23,5a88ac556514d52c7774b531,8.46,McDonald's,5814,1720,Cumberland Avenue,Knoxville,TN,37916,0
2017-1-25,5a88aafd6514d52c7774b52e,20.07,Walmart,5144,2501,University Commons Way,Knoxville,TN,37919,0
2017-1-25,5a88ae836514d52c7774b536,20.42,Weigel's,5541,3815,Western Avenue,Knoxville,TN,37921,0
2017-1-28,5a88aafd6514d52c7774b52e,19.65,Walmart,5144,2501,University Commons Way,Knoxville,TN,37919,0
2017-1-29,5a88aafd6514d52c7774b52e,3.30,Walmart,5144,2501,University Commons Way,Knoxville,TN,37919,0
2017-1-30,5a88aafd6514d52c7774b52e,21.58,Walmart,5144,2501,University Commons Way,Knoxville,TN,37919,0
2017-1-30,5a88abc26514d52c7774b530,2.16,Target,5144,11100,Parkside Drive,Knoxville,TN,37934,0
2017-2-1,5a88aafd6514d52c7774b52e,40.59,Walmart,5144,2501,University Commons Way,Knoxville,TN,37919,0
2017-2-1,5a88b3cd6514d52c7774b53e,25.99,Amazon,5144,410,Terry Avenue,Seattle,WA,98109,0
2017-2-1,5a88bb496514d52c7774b547,800.00,The Standard at Knoxville,6513,705,17th Street,Knoxville,TN,37916,0
2017-2-2,5a88aafd6514d52c7774b52e,16.58,Walmart,5144,2501,University Commons Way,Knoxville,TN,37919,0
2017-2-2,5a88b0b86514d52c7774b539,5.61,17th Street Deli,5814,115,17th Street,Knoxville,TN,37916,0
2017-2-3,5a88aafd6514d52c7774b52e,33.18,Walmart,5144,2501,University Commons Way,Knoxville,TN,37919,0
2017-2-6,5a88ac556514d52c7774b531,13.94,McDonald's,5814,1720,Cumberland Avenue,Knoxville,TN,37916,0
2017-2-6,5a88ae836514d52c7774b536,22.52,Weigel's,5541,3815,Western Avenue,Knoxville,TN,37921,0
2017-2-6,5a88bad36514d52c7774b545,10.00,Netflix,7829,100,Winchester Circle,Los Gatos,CA,95032,0
2017-2-7,5a88afc26514d52c7774b538,12.25,Regal Cinema,7832,510,Gay Street,Knoxville,TN,37902,0
2017-2-8,5a88ac556514d52c7774b531,8.80,McDonald's,5814,1720,Cumberland Avenue,Knoxville,TN,37916,0
2017-2-8,5a88afc26514d52c7774b538,12.25,Regal Cinema,7832,510,Gay Street,Knoxville,TN,37902,0
2017-2-9,5a88aafd6514d52c7774b52e,17.67,Walmart,5144,2501,University Commons Way,Knoxville,TN,37919,0
2017-2-9,5a88abc26514d52c7774b530,5.73,Target,5144,11100,Parkside Drive,Knoxville,TN,37934,0
2017-2-10,5a88ac556514d52c7774b531,9.14,McDonald's,5814,1720,Cumberland Avenue,Knoxville,TN,37916,0
2017-2-12,5a88b0b86514d52c7774b539,8.13,17th Street Deli,5814,115,17th Street,Knoxville,TN,37916,0
2017-2-12,5a88ae836514d52c7774b536,22.57,Weigel's,5541,3815,Western Avenue,Knoxville,TN,37921,0
2017-2-13,5a88ae836514d52c7774b536,21.27,Weigel's,5541,3815,Western Avenue,Knoxville,TN,37921,0
2017-2-15,5a88aafd6514d52c7774b52e,16.52,Walmart,5144,2501,University Commons Way,Knoxville,TN,37919,0
2017-2-15,5a88b0b86514d52c7774b539,9.38,17th Street Deli,5814,115,17th Street,Knoxville,TN,37916,0
2017-2-16,5a88aafd6514d52c7774b52e,43.47,Walmart,5144,2501,University Commons Way,Knoxville,TN,37919,0
2017-2-18,5a88aafd6514d52c7774b52e,22.52,Walmart,5144,2501,University Commons Way,Knoxville,TN,37919,0
2017-2-18,5a88ae836514d52c7774b536,21.02,Weigel's,5541,3815,Western Avenue,Knoxville,TN,37921,0
2017-2-18,5a88abc26514d52c7774b530,5.16,Target,5144,11100,Parkside Drive,Knoxville,TN,37934,0
2017-2-20,5a88b3cd6514d52c7774b53e,18.26,Amazon,5144,410,Terry Avenue,Seattle,WA,98109,0
2017-2-20,5a88b0b86514d52c7774b539,5.49,17th Street Deli,5814,115,17th Street,Knoxville,TN,37916,0
2017-2-20,5a88ae836514d52c7774b536,22.36,Weigel's,5541,3815,Western Avenue,Knoxville,TN,37921,0
2017-2-21,5a88b0b86514d52c7774b539,2.89,17th Street Deli,5814,115,17th Street,Knoxville,TN,37916,0
2017-2-25,5a88aafd6514d52c7774b52e,13.85,Walmart,5144,2501,University Commons Way,Knoxville,TN,37919,0
2017-2-26,5a88aafd6514d52c7774b52e,29.42,Walmart,5144,2501,University Commons Way,Knoxville,TN,37919,0
2017-2-26,5a88b3cd6514d52c7774b53e,41.01,Amazon,5144,410,Terry Avenue,Seattle,WA,98109,0
2017-2-26,5a88abc26514d52c7774b530,23.26,Target,5144,11100,Parkside Drive,Knoxville,TN,37934,0
2017-2-28,5a88aafd6514d52c7774b52e,75.03,Walmart,5144,2501,University Commons Way,Knoxville,TN,37919,0
2017-2-28,5a88b0b86514d52c7774b539,7.05,17th Street Deli,5814,115,17th Street,Knoxville,TN,37916,0
2017-2-29,5a88afc26514d52c7774b538,12.25,Regal Cinema,7832,510,Gay Street,Knoxville,TN,37902,0
2017-3-1,5a88aafd6514d52c7774b52e,30.59,Walmart,5144,2501,University Commons Way,Knoxville,TN,37919,0
2017-3-1,5a88b3cd6514d52c7774b53e,22.59,Amazon,5144,410,Terry Avenue,Seattle,WA,98109,0
2017-3-1,5a88ae836514d52c7774b536,21.36,Weigel's,5541,3815,Western Avenue,Knoxville,TN,37921,0
2017-3-1,5a88bb496514d52c7774b547,800.00,The Standard at Knoxville,6513,705,17th Street,Knoxville,TN,37916,0
2017-3-2,5a88b3cd6514d52c7774b53e,25.40,Amazon,5144,410,Terry Avenue,Seattle,WA,98109,0
2017-3-2,5a88b1196514d52c7774b53a,15.53,O'Charley's,5812,8077,Kingston Pike,Knoxville,TN,37919,0
2017-3-3,5a88aafd6514d52c7774b52e,21.82,Walmart,5144,2501,University Commons Way,Knoxville,TN,37919,0
2017-3-3,5a88b3cd6514d52c7774b53e,52.32,Amazon,5144,410,Terry Avenue,Seattle,WA,98109,0
2017-3-3,5a88abc26514d52c7774b530,123.60,Target,5144,11100,Parkside Drive,Knoxville,TN,37934,0
2017-3-5,5a88b0b86514d52c7774b539,2.67,17th Street Deli,5814,115,17th Street,Knoxville,TN,37916,0
2017-3-6,5a88aafd6514d52c7774b52e,4.86,Walmart,5144,2501,University Commons Way,Knoxville,TN,37919,0
2017-3-6,5a88ac556514d52c7774b531,8.46,McDonald's,5814,1720,Cumberland Avenue,Knoxville,TN,37916,0
2017-3-6,5a88bad36514d52c7774b545,10.00,Netflix,7829,100,Winchester Circle,Los Gatos,CA,95032,0
2017-3-7,5a88aafd6514d52c7774b52e,10.08,Walmart,5144,2501,University Commons Way,Knoxville,TN,37919,0
2017-3-8,5a88aafd6514d52c7774b52e,4.32,Walmart,5144,2501,University Commons Way,Knoxville,TN,37919,0
2017-3-11,5a88aafd6514d52c7774b52e,42.68,Walmart,5144,2501,University Commons Way,Knoxville,TN,37919,0
2017-3-11,5a88ac556514d52c7774b531,7.45,McDonald's,5814,1720,Cumberland Avenue,Knoxville,TN,37916,0
2017-3-11,5a88b0b86514d52c7774b539,4.68,17th Street Deli,5814,115,17th Street,Knoxville,TN,37916,0
2017-3-12,5a88aafd6514d52c7774b52e,41.50,Walmart,5144,2501,University Commons Way,Knoxville,TN,37919,0
2017-3-13,5a88ac556514d52c7774b531,8.88,McDonald's,5814,1720,Cumberland Avenue,Knoxville,TN,37916,0
2017-3-13,5a88ae836514d52c7774b536,21.56,Weigel's,5541,3815,Western Avenue,Knoxville,TN,37921,0
2017-3-15,5a88aafd6514d52c7774b52e,52.60,Walmart,5144,2501,University Commons Way,Knoxville,TN,37919,0
2017-3-15,5a88b0b86514d52c7774b539,7.45,17th Street Deli,5814,115,17th Street,Knoxville,TN,37916,0
2017-3-15,5a88afc26514d52c7774b538,12.25,Regal Cinema,7832,510,Gay Street,Knoxville,TN,37902,0
2017-3-16,5a88aafd6514d52c7774b52e,39.62,Walmart,5144,2501,University Commons Way,Knoxville,TN,37919,0
2017-3-16,5a88b0b86514d52c7774b539,7.99,17th Street Deli,5814,115,17th Street,Knoxville,TN,37916,0
2017-3-17,5a88ac556514d52c7774b531,3.89,McDonald's,5814,1720,Cumberland Avenue,Knoxville,TN,37916,0
2017-3-18,5a88ae836514d52c7774b536,23.72,Weigel's,5541,3815,Western Avenue,Knoxville,TN,37921,0
2017-3-19,5a88aafd6514d52c7774b52e,29.36,Walmart,5144,2501,University Commons Way,Knoxville,TN,37919,0
2017-3-19,5a88ae836514d52c7774b536,21.63,Weigel's,5541,3815,Western Avenue,Knoxville,TN,37921,0
2017-3-20,5a88ae836514d52c7774b536,22.05,Weigel's,5541,3815,Western Avenue,Knoxville,TN,37921,0
2017-3-21,5a88aafd6514d52c7774b52e,24.66,Walmart,5144,2501,University Commons Way,Knoxville,TN,37919,0
2017-3-21,5a88afc26514d52c7774b538,12.25,Regal Cinema,7832,510,Gay Street,Knoxville,TN,37902,0
2017-3-23,5a88b0b86514d52c7774b539,6.52,17th Street Deli,5814,115,17th Street,Knoxville,TN,37916,0
2017-3-26,5a88aafd6514d52c7774b52e,1.93,Walmart,5144,2501,University Commons Way,Knoxville,TN,37919,0
2017-3-26,5a88b3cd6514d52c7774b53e,43.11,Amazon,5144,410,Terry Avenue,Seattle,WA,98109,0
2017-3-26,5a88ae836514d52c7774b536,21.41,Weigel's,5541,3815,Western Avenue,Knoxville,TN,37921,0
2017-3-27,5a88ac556514d52c7774b531,16.10,McDonald's,5814,1720,Cumberland Avenue,Knoxville,TN,37916,0
2017-3-27,5a88b3cd6514d52c7774b53e,97.60,Amazon,5144,410,Terry Avenue,Seattle,WA,98109,0
2017-3-27,5a88abc26514d52c7774b530,92.26,Target,5144,11100,Parkside Drive,Knoxville,TN,37934,0
2017-3-29,5a88aafd6514d52c7774b52e,16.36,Walmart,5144,2501,University Commons Way,Knoxville,TN,37919,0
2017-3-29,5a88b3cd6514d52c7774b53e,96.49,Amazon,5144,410,Terry Avenue,Seattle,WA,98109,0
2017-3-29,5a88ae836514d52c7774b536,21.49,Weigel's,5541,3815,Western Avenue,Knoxville,TN,37921,0
2017-3-29,5a88abc26514d52c7774b530,32.77,Target,5144,11100,Parkside Drive,Knoxville,TN,37934,0
2017-4-1,5a88bb496514d52c7774b547,800.00,The Standard at Knoxville,6513,705,17th Street,Knoxville,TN,37916,0
2017-4-3,5a88aafd6514d52c7774b52e,9.88,Walmart,5144,2501,University Commons Way,Knoxville,TN,37919,0
2017-4-5,5a88aafd6514d52c7774b52e,1.60,Walmart,5144,2501,University Commons Way,Knoxville,TN,37919,0
2017-4-5,5a88afc26514d52c7774b538,12.25,Regal Cinema,7832,510,Gay Street,Knoxville,TN,37902,0
2017-4-5,5a88abc26514d52c7774b530,35.60,Target,5144,11100,Parkside Drive,Knoxville,TN,37934,0
2017-4-6,5a88ac556514d52c7774b531,13.44,McDonald's,5814,1720,Cumberland Avenue,Knoxville,TN,37916,0
2017-4-6,5a88ae836514d52c7774b536,20.89,Weigel's,5541,3815,Western Avenue,Knoxville,TN,37921,0
2017-4-6,5a88bad36514d52c7774b545,10.00,Netflix,7829,100,Winchester Circle,Los Gatos,CA,95032,0
2017-4-7,5a88aafd6514d52c7774b52e,16.00,Walmart,5144,2501,University Commons Way,Knoxville,TN,37919,0
2017-4-7,5a88abc26514d52c7774b530,100.03,Target,5144,11100,Parkside Drive,Knoxville,TN,37934,0
2017-4-8,5a88ae836514d52c7774b536,21.38,Weigel's,5541,3815,Western Avenue,Knoxville,TN,37921,0
2017-4-9,5a88aafd6514d52c7774b52e,6.04,Walmart,5144,2501,University Commons Way,Knoxville,TN,37919,0
2017-4-10,5a88aafd6514d52c7774b52e,24.58,Walmart,5144,2501,University Commons Way,Knoxville,TN,37919,0
2017-4-10,5a88b3cd6514d52c7774b53e,3.40,Amazon,5144,410,Terry Avenue,Seattle,WA,98109,0
2017-4-10,5a88ae836514d52c7774b536,21.96,Weigel's,5541,3815,Western Avenue,Knoxville,TN,37921,0
2017-4-11,5a88ac556514d52c7774b531,4.47,McDonald's,5814,1720,Cumberland Avenue,Knoxville,TN,37916,0
2017-4-12,5a88ac556514d52c7774b531,9.01,McDonald's,5814,1720,Cumberland Avenue,Knoxville,TN,37916,0
2017-4-13,5a88aafd6514d52c7774b52e,37.28,Walmart,5144,2501,University Commons Way,Knoxville,TN,37919,0
2017-4-16,5a88aafd6514d52c7774b52e,31.90,Walmart,5144,2501,University Commons Way,Knoxville,TN,37919,0
2017-4-17,5a88b1196514d52c7774b53a,13.44,O'Charley's,5812,8077,Kingston Pike,Knoxville,TN,37919,0
2017-4-18,5a88ac556514d52c7774b531,6.70,McDonald's,5814,1720,Cumberland Avenue,Knoxville,TN,37916,0
2017-4-19,5a88aafd6514d52c7774b52e,15.59,Walmart,5144,2501,University Commons Way,Knoxville,TN,37919,0
2017-4-20,5a88aafd6514d52c7774b52e,29.06,Walmart,5144,2501,University Commons Way,Knoxville,TN,37919,0
2017-4-21,5a88ac556514d52c7774b531,9.27,McDonald's,5814,1720,Cumberland Avenue,Knoxville,TN,37916,0
2017-4-25,5a88aafd6514d52c7774b52e,30.04,Walmart,5144,2501,University Commons Way,Knoxville,TN,37919,0
2017-4-25,5a88ac556514d52c7774b531,7.24,McDonald's,5814,1720,Cumberland Avenue,Knoxville,TN,37916,0
2017-4-29,5a88aafd6514d52c7774b52e,5.45,Walmart,5144,2501,University Commons Way,Knoxville,TN,37919,0
2017-5-1,5a88aafd6514d52c7774b52e,12.07,Walmart,5144,2501,University Commons Way,Knoxville,TN,37919,0
2017-5-1,5a88ac556514d52c7774b531,9.72,McDonald's,5814,1720,Cumberland Avenue,Knoxville,TN,37916,0
2017-5-1,5a88bb496514d52c7774b547,800.00,The Standard at Knoxville,6513,705,17th Street,Knoxville,TN,37916,0
2017-5-2,5a88b3cd6514d52c7774b53e,16.91,Amazon,5144,410,Terry Avenue,Seattle,WA,98109,0
2017-5-3,5a88aafd6514d52c7774b52e,29.19,Walmart,5144,2501,University Commons Way,Knoxville,TN,37919,0
2017-5-4,5a88aafd6514d52c7774b52e,29.02,Walmart,5144,2501,University Commons Way,Knoxville,TN,37919,0
2017-5-4,5a88b0b86514d52c7774b539,4.01,17th Street Deli,5814,115,17th Street,Knoxville,TN,37916,0
2017-5-4,5a88b1196514d52c7774b53a,14.40,O'Charley's,5812,8077,Kingston Pike,Knoxville,TN,37919,0
2017-5-6,5a88aafd6514d52c7774b52e,14.26,Walmart,5144,2501,University Commons Way,Knoxville,TN,37919,0
2017-5-6,5a88ac556514d52c7774b531,10.23,McDonald's,5814,1720,Cumberland Avenue,Knoxville,TN,37916,0
2017-5-6,5a88bad36514d52c7774b545,10.00,Netflix,7829,100,Winchester Circle,Los Gatos,CA,95032,0
2017-5-8,5a88ac556514d52c7774b531,8.50,McDonald's,5814,1720,Cumberland Avenue,Knoxville,TN,37916,0
2017-5-9,5a88b0b86514d52c7774b539,4.65,17th Street Deli,5814,115,17th Street,Knoxville,TN,37916,0
2017-5-9,5a88b1196514d52c7774b53a,17.42,O'Charley's,5812,8077,Kingston Pike,Knoxville,TN,37919,0
2017-5-11,5a88b0b86514d52c7774b539,3.08,17th Street Deli,5814,115,17th Street,Knoxville,TN,37916,0
2017-5-11,5a88ae836514d52c7774b536,21.54,Weigel's,5541,3815,Western Avenue,Knoxville,TN,37921,0
2017-5-12,5a88ae836514d52c7774b536,22.58,Weigel's,5541,3815,Western Avenue,Knoxville,TN,37921,0
2017-5-16,5a88ae836514d52c7774b536,21.73,Weigel's,5541,3815,Western Avenue,Knoxville,TN,37921,0
2017-5-18,5a88aafd6514d52c7774b52e,51.06,Walmart,5144,2501,University Commons Way,Knoxville,TN,37919,0
2017-5-18,5a88ae836514d52c7774b536,22.66,Weigel's,5541,3815,Western Avenue,Knoxville,TN,37921,0
2017-5-20,5a88aafd6514d52c7774b52e,26.66,Walmart,5144,2501,University Commons Way,Knoxville,TN,37919,0
2017-5-20,5a88b3cd6514d52c7774b53e,14.47,Amazon,5144,410,Terry Avenue,Seattle,WA,98109,0
2017-5-21,5a88ae836514d52c7774b536,22.47,Weigel's,5541,3815,Western Avenue,Knoxville,TN,37921,0
2017-5-22,5a88b3cd6514d52c7774b53e,95.42,Amazon,5144,410,Terry Avenue,Seattle,WA,98109,0
2017-5-22,5a88afc26514d52c7774b538,12.25,Regal Cinema,7832,510,Gay Street,Knoxville,TN,37902,0
2017-5-23,5a88ac556514d52c7774b531,10.60,McDonald's,5814,1720,Cumberland Avenue,Knoxville,TN,37916,0
2017-5-23,5a88ae836514d52c7774b536,21.05,Weigel's,5541,3815,Western Avenue,Knoxville,TN,37921,0
2017-5-25,5a88aafd6514d52c7774b52e,47.02,Walmart,5144,2501,University Commons Way,Knoxville,TN,37919,0
2017-5-27,5a88aafd6514d52c7774b52e,9.97,Walmart,5144,2501,University Commons Way,Knoxville,TN,37919,0
2017-5-27,5a88afc26514d52c7774b538,12.25,Regal Cinema,7832,510,Gay Street,Knoxville,TN,37902,0
2017-5-28,5a88b0b86514d52c7774b539,2.55,17th Street Deli,5814,115,17th Street,Knoxville,TN,37916,0
2017-5-28,5a88afc26514d52c7774b538,12.25,Regal Cinema,7832,510,Gay Street,Knoxville,TN,37902,0
2017-5-30,5a88aafd6514d52c7774b52e,41.27,Walmart,5144,2501,University Commons Way,Knoxville,TN,37919,0
2017-5-30,5a88ac556514d52c7774b531,10.01,McDonald's,5814,1720,Cumberland Avenue,Knoxville,TN,37916,0
2017-5-30,5a88afc26514d52c7774b538,12.25,Regal Cinema,7832,510,Gay Street,Knoxville,TN,37902,0
2017-6-1,5a88bb496514d52c7774b547,800.00,The Standard at Knoxville,6513,705,17th Street,Knoxville,TN,37916,0
2017-6-2,5a88ac556514d52c7774b531,1.18,McDonald's,5814,1720,Cumberland Avenue,Knoxville,TN,37916,0
2017-6-2,5a88b3cd6514d52c7774b53e,16.15,Amazon,5144,410,Terry Avenue,Seattle,WA,98109,0
2017-6-3,5a88aafd6514d52c7774b52e,10.20,Walmart,5144,2501,University Commons Way,Knoxville,TN,37919,0
2017-6-5,5a88ac556514d52c7774b531,8.20,McDonald's,5814,1720,Cumberland Avenue,Knoxville,TN,37916,0
2017-6-6,5a88aafd6514d52c7774b52e,40.14,Walmart,5144,2501,University Commons Way,Knoxville,TN,37919,0
2017-6-6,5a88b0b86514d52c7774b539,7.29,17th Street Deli,5814,115,17th Street,Knoxville,TN,37916,0
2017-6-6,5a88bad36514d52c7774b545,10.00,Netflix,7829,100,Winchester Circle,Los Gatos,CA,95032,0
2017-6-7,5a88b3cd6514d52c7774b53e,109.35,Amazon,5144,410,Terry Avenue,Seattle,WA,98109,0
2017-6-8,5a88ac556514d52c7774b531,7.59,McDonald's,5814,1720,Cumberland Avenue,Knoxville,TN,37916,0
2017-6-9,5a88aafd6514d52c7774b52e,2.77,Walmart,5144,2501,University Commons Way,Knoxville,TN,37919,0
2017-6-9,5a88afc26514d52c7774b538,12.25,Regal Cinema,7832,510,Gay Street,Knoxville,TN,37902,0
2017-6-9,5a88ae836514d52c7774b536,21.05,Weigel's,5541,3815,Western Avenue,Knoxville,TN,37921,0
2017-6-10,5a88ac556514d52c7774b531,11.10,McDonald's,5814,1720,Cumberland Avenue,Knoxville,TN,37916,0
2017-6-10,5a88b0b86514d52c7774b539,10.27,17th Street Deli,5814,115,17th Street,Knoxville,TN,37916,0
2017-6-11,5a88b0b86514d52c7774b539,3.73,17th Street Deli,5814,115,17th Street,Knoxville,TN,37916,0
2017-6-12,5a88aafd6514d52c7774b52e,28.88,Walmart,5144,2501,University Commons Way,Knoxville,TN,37919,0
2017-6-12,5a88abc26514d52c7774b530,42.99,Target,5144,11100,Parkside Drive,Knoxville,TN,37934,0
2017-6-13,5a88b3cd6514d52c7774b53e,55.78,Amazon,5144,410,Terry Avenue,Seattle,WA,98109,0
2017-6-15,5a88aafd6514d52c7774b52e,64.77,Walmart,5144,2501,University Commons Way,Knoxville,TN,37919,0
2017-6-15,5a88ae836514d52c7774b536,23.92,Weigel's,5541,3815,Western Avenue,Knoxville,TN,37921,0
2017-6-16,5a88ae836514d52c7774b536,24.41,Weigel's,5541,3815,Western Avenue,Knoxville,TN,37921,0
2017-6-18,5a88aafd6514d52c7774b52e,44.81,Walmart,5144,2501,University Commons Way,Knoxville,TN,37919,0
2017-6-18,5a88b3cd6514d52c7774b53e,51.42,Amazon,5144,410,Terry Avenue,Seattle,WA,98109,0
2017-6-18,5a88afc26514d52c7774b538,12.25,Regal Cinema,7832,510,Gay Street,Knoxville,TN,37902,0
2017-6-19,5a88afc26514d52c7774b538,12.25,Regal Cinema,7832,510,Gay Street,Knoxville,TN,37902,0
2017-6-20,5a88aafd6514d52c7774b52e,19.17,Walmart,5144,2501,University Commons Way,Knoxville,TN,37919,0
2017-6-20,5a88ac556514d52c7774b531,9.82,McDonald's,5814,1720,Cumberland Avenue,Knoxville,TN,37916,0
2017-6-20,5a88b1196514d52c7774b53a,20.20,O'Charley's,5812,8077,Kingston Pike,Knoxville,TN,37919,0
2017-6-21,5a88afc26514d52c7774b538,12.25,Regal Cinema,7832,510,Gay Street,Knoxville,TN,37902,0
2017-6-21,5a88ae836514d52c7774b536,19.56,Weigel's,5541,3815,Western Avenue,Knoxville,TN,37921,0
2017-6-22,5a88aafd6514d52c7774b52e,6.91,Walmart,5144,2501,University Commons Way,Knoxville,TN,37919,0
2017-6-23,5a88afc26514d52c7774b538,12.25,Regal Cinema,7832,510,Gay Street,Knoxville,TN,37902,0
2017-6-23,5a88ae836514d52c7774b536,23.01,Weigel's,5541,3815,Western Avenue,Knoxville,TN,37921,0
2017-6-24,5a88afc26514d52c7774b538,12.25,Regal Cinema,7832,510,Gay Street,Knoxville,TN,37902,0
2017-6-25,5a88b3cd6514d52c7774b53e,1.96,Amazon,5144,410,Terry Avenue,Seattle,WA,98109,0
2017-6-26,5a88aafd6514d52c7774b52e,51.38,Walmart,5144,2501,University Commons Way,Knoxville,TN,37919,0
2017-6-27,5a88aafd6514d52c7774b52e,21.19,Walmart,5144,2501,University Commons Way,Knoxville,TN,37919,0
2017-6-27,5a88b3cd6514d52c7774b53e,13.51,Amazon,5144,410,Terry Avenue,Seattle,WA,98109,0
2017-6-27,5a88afc26514d52c7774b538,12.25,Regal Cinema,7832,510,Gay Street,Knoxville,TN,37902,0
2017-6-28,5a88aafd6514d52c7774b52e,29.28,Walmart,5144,2501,University Commons Way,Knoxville,TN,37919,0
2017-6-30,5a88aafd6514d52c7774b52e,8.44,Walmart,5144,2501,University Commons Way,Knoxville,TN,37919,0
2017-6-30,5a88ac556514d52c7774b531,3.02,McDonald's,5814,1720,Cumberland Avenue,Knoxville,TN,37916,0
2017-7-1,5a88aafd6514d52c7774b52e,36.12,Walmart,5144,2501,University Commons Way,Knoxville,TN,37919,0
2017-7-1,5a88bb496514d52c7774b547,800.00,The Standard at Knoxville,6513,705,17th Street,Knoxville,TN,37916,0
2017-7-2,5a88aafd6514d52c7774b52e,30.25,Walmart,5144,2501,University Commons Way,Knoxville,TN,37919,0
2017-7-2,5a88ae836514d52c7774b536,21.74,Weigel's,5541,3815,Western Avenue,Knoxville,TN,37921,0
2017-7-5,5a88aafd6514d52c7774b52e,18.65,Walmart,5144,2501,University Commons Way,Knoxville,TN,37919,0
2017-7-6,5a88b3cd6514d52c7774b53e,67.30,Amazon,5144,410,Terry Avenue,Seattle,WA,98109,0
2017-7-6,5a88abc26514d52c7774b530,65.33,Target,5144,11100,Parkside Drive,Knoxville,TN,37934,0
2017-7-6,5a88bad36514d52c7774b545,10.00,Netflix,7829,100,Winchester Circle,Los Gatos,CA,95032,0
2017-7-8,5a88b0b86514d52c7774b539,9.68,17th Street Deli,5814,115,17th Street,Knoxville,TN,37916,0
2017-7-8,5a88ae836514d52c7774b536,23.89,Weigel's,5541,3815,Western Avenue,Knoxville,TN,37921,0
2017-7-9,5a88ae836514d52c7774b536,23.61,Weigel's,5541,3815,Western Avenue,Knoxville,TN,37921,0
2017-7-10,5a88aafd6514d52c7774b52e,31.59,Walmart,5144,2501,University Commons Way,Knoxville,TN,37919,0
2017-7-10,5a88b1196514d52c7774b53a,12.17,O'Charley's,5812,8077,Kingston Pike,Knoxville,TN,37919,0
2017-7-11,5a88b0b86514d52c7774b539,2.46,17th Street Deli,5814,115,17th Street,Knoxville,TN,37916,0
2017-7-12,5a88ac556514d52c7774b531,8.25,McDonald's,5814,1720,Cumberland Avenue,Knoxville,TN,37916,0
2017-7-12,5a88b1196514d52c7774b53a,15.95,O'Charley's,5812,8077,Kingston Pike,Knoxville,TN,37919,0
2017-7-13,5a88b0b86514d52c7774b539,4.17,17th Street Deli,5814,115,17th Street,Knoxville,TN,37916,0
2017-7-14,5a88ac556514d52c7774b531,13.99,McDonald's,5814,1720,Cumberland Avenue,Knoxville,TN,37916,0
2017-7-14,5a88b1196514d52c7774b53a,21.48,O'Charley's,5812,8077,Kingston Pike,Knoxville,TN,37919,0
2017-7-14,5a88abc26514d52c7774b530,42.38,Target,5144,11100,Parkside Drive,Knoxville,TN,37934,0
2017-7-16,5a88b1196514d52c7774b53a,18.34,O'Charley's,5812,8077,Kingston Pike,Knoxville,TN,37919,0
2017-7-17,5a88aafd6514d52c7774b52e,42.92,Walmart,5144,2501,University Commons Way,Knoxville,TN,37919,0
2017-7-18,5a88aafd6514d52c7774b52e,8.14,Walmart,5144,2501,University Commons Way,Knoxville,TN,37919,0
2017-7-18,5a88ae836514d52c7774b536,19.81,Weigel's,5541,3815,Western Avenue,Knoxville,TN,37921,0
2017-7-20,5a88ae836514d52c7774b536,21.61,Weigel's,5541,3815,Western Avenue,Knoxville,TN,37921,0
2017-7-21,5a88b0b86514d52c7774b539,8.40,17th Street Deli,5814,115,17th Street,Knoxville,TN,37916,0
2017-7-22,5a88aafd6514d52c7774b52e,22.79,Walmart,5144,2501,University Commons Way,Knoxville,TN,37919,0
2017-7-23,5a88aafd6514d52c7774b52e,34.69,Walmart,5144,2501,University Commons Way,Knoxville,TN,37919,0
2017-7-24,5a88ae836514d52c7774b536,22.10,Weigel's,5541,3815,Western Avenue,Knoxville,TN,37921,0
2017-7-25,5a88b0b86514d52c7774b539,4.94,17th Street Deli,5814,115,17th Street,Knoxville,TN,37916,0
2017-7-26,5a88ac556514d52c7774b531,6.21,McDonald's,5814,1720,Cumberland Avenue,Knoxville,TN,37916,0
2017-7-27,5a88aafd6514d52c7774b52e,18.63,Walmart,5144,2501,University Commons Way,Knoxville,TN,37919,0
2017-7-27,5a88ae836514d52c7774b536,21.85,Weigel's,5541,3815,Western Avenue,Knoxville,TN,37921,0
2017-7-27,5a88abc26514d52c7774b530,117.13,Target,5144,11100,Parkside Drive,Knoxville,TN,37934,0
2017-7-28,5a88aafd6514d52c7774b52e,47.44,Walmart,5144,2501,University Commons Way,Knoxville,TN,37919,0
2017-7-28,5a88b3cd6514d52c7774b53e,89.71,Amazon,5144,410,Terry Avenue,Seattle,WA,98109,0
2017-7-30,5a88ae836514d52c7774b536,22.81,Weigel's,5541,3815,Western Avenue,Knoxville,TN,37921,0
2017-8-1,5a88b1196514d52c7774b53a,16.85,O'Charley's,5812,8077,Kingston Pike,Knoxville,TN,37919,0
2017-8-1,5a88afc26514d52c7774b538,12.25,Regal Cinema,7832,510,Gay Street,Knoxville,TN,37902,0
2017-8-1,5a88abc26514d52c7774b530,34.58,Target,5144,11100,Parkside Drive,Knoxville,TN,37934,0
2017-8-1,5a88bb496514d52c7774b547,800.00,The Standard at Knoxville,6513,705,17th Street,Knoxville,TN,37916,0
2017-8-2,5a88aafd6514d52c7774b52e,14.54,Walmart,5144,2501,University Commons Way,Knoxville,TN,37919,0
2017-8-2,5a88b3cd6514d52c7774b53e,107.64,Amazon,5144,410,Terry Avenue,Seattle,WA,98109,0
2017-8-4,5a88ac556514d52c7774b531,9.12,McDonald's,5814,1720,Cumberland Avenue,Knoxville,TN,37916,0
2017-8-5,5a88afc26514d52c7774b538,12.25,Regal Cinema,7832,510,Gay Street,Knoxville,TN,37902,0
2017-8-5,5a88abc26514d52c7774b530,41.22,Target,5144,11100,Parkside Drive,Knoxville,TN,37934,0
2017-8-6,5a88bad36514d52c7774b545,10.00,Netflix,7829,100,Winchester Circle,Los Gatos,CA,95032,0
2017-8-7,5a88aafd6514d52c7774b52e,49.29,Walmart,5144,2501,University Commons Way,Knoxville,TN,37919,0
2017-8-7,5a88ac556514d52c7774b531,11.79,McDonald's,5814,1720,Cumberland Avenue,Knoxville,TN,37916,0
2017-8-8,5a88aafd6514d52c7774b52e,3.62,Walmart,5144,2501,University Commons Way,Knoxville,TN,37919,0
2017-8-8,5a88ac556514d52c7774b531,5.72,McDonald's,5814,1720,Cumberland Avenue,Knoxville,TN,37916,0
2017-8-10,5a88aafd6514d52c7774b52e,40.71,Walmart,5144,2501,University Commons Way,Knoxville,TN,37919,0
2017-8-11,5a88aafd6514d52c7774b52e,38.18,Walmart,5144,2501,University Commons Way,Knoxville,TN,37919,0
2017-8-12,5a88ac556514d52c7774b531,9.88,McDonald's,5814,1720,Cumberland Avenue,Knoxville,TN,37916,0
2017-8-13,5a88aafd6514d52c7774b52e,40.26,Walmart,5144,2501,University Commons Way,Knoxville,TN,37919,0
2017-8-13,5a88b0b86514d52c7774b539,1.32,17th Street Deli,5814,115,17th Street,Knoxville,TN,37916,0
2017-8-15,5a88afc26514d52c7774b538,12.25,Regal Cinema,7832,510,Gay Street,Knoxville,TN,37902,0
2017-8-15,5a88ae836514d52c7774b536,21.45,Weigel's,5541,3815,Western Avenue,Knoxville,TN,37921,0
2017-8-16,5a88aafd6514d52c7774b52e,23.71,Walmart,5144,2501,University Commons Way,Knoxville,TN,37919,0
2017-8-16,5a88b0b86514d52c7774b539,9.48,17th Street Deli,5814,115,17th Street,Knoxville,TN,37916,0
2017-8-18,5a88b0b86514d52c7774b539,4.95,17th Street Deli,5814,115,17th Street,Knoxville,TN,37916,0
2017-8-19,5a88ae836514d52c7774b536,22.03,Weigel's,5541,3815,Western Avenue,Knoxville,TN,37921,0
2017-8-20,5a88aafd6514d52c7774b52e,6.08,Walmart,5144,2501,University Commons Way,Knoxville,TN,37919,0
2017-8-21,5a88aafd6514d52c7774b52e,46.45,Walmart,5144,2501,University Commons Way,Knoxville,TN,37919,0
2017-8-22,5a88ac556514d52c7774b531,8.39,McDonald's,5814,1720,Cumberland Avenue,Knoxville,TN,37916,0
2017-8-23,5a88b0b86514d52c7774b539,1.11,17th Street Deli,5814,115,17th Street,Knoxville,TN,37916,0
2017-8-23,5a88afc26514d52c7774b538,12.25,Regal Cinema,7832,510,Gay Street,Knoxville,TN,37902,0
2017-8-24,5a88abc26514d52c7774b530,38.41,Target,5144,11100,Parkside Drive,Knoxville,TN,37934,0
2017-8-25,5a88aafd6514d52c7774b52e,83.19,Walmart,5144,2501,University Commons Way,Knoxville,TN,37919,0
2017-8-25,5a88ac556514d52c7774b531,7.63,McDonald's,5814,1720,Cumberland Avenue,Knoxville,TN,37916,0
2017-8-26,5a88aafd6514d52c7774b52e,24.82,Walmart,5144,2501,University Commons Way,Knoxville,TN,37919,0
2017-8-26,5a88ae836514d52c7774b536,20.73,Weigel's,5541,3815,Western Avenue,Knoxville,TN,37921,0
2017-8-27,5a88aafd6514d52c7774b52e,28.76,Walmart,5144,2501,University Commons Way,Knoxville,TN,37919,0
2017-8-27,5a88ae836514d52c7774b536,22.62,Weigel's,5541,3815,Western Avenue,Knoxville,TN,37921,0
2017-8-28,5a88aafd6514d52c7774b52e,50.18,Walmart,5144,2501,University Commons Way,Knoxville,TN,37919,0
2017-8-28,5a88afc26514d52c7774b538,12.25,Regal Cinema,7832,510,Gay Street,Knoxville,TN,37902,0
2017-8-28,5a88ae836514d52c7774b536,20.06,Weigel's,5541,3815,Western Avenue,Knoxville,TN,37921,0
2017-9-1,5a88bb496514d52c7774b547,800.00,The Standard at Knoxville,6513,705,17th Street,Knoxville,TN,37916,0
2017-9-2,5a88b3cd6514d52c7774b53e,47.06,Amazon,5144,410,Terry Avenue,Seattle,WA,98109,0
2017-9-2,5a88b0b86514d52c7774b539,6.30,17th Street Deli,5814,115,17th Street,Knoxville,TN,37916,0
2017-9-2,5a88ae836514d52c7774b536,23.26,Weigel's,5541,3815,Western Avenue,Knoxville,TN,37921,0
2017-9-3,5a88ac556514d52c7774b531,8.67,McDonald's,5814,1720,Cumberland Avenue,Knoxville,TN,37916,0
2017-9-3,5a88b0b86514d52c7774b539,7.25,17th Street Deli,5814,115,17th Street,Knoxville,TN,37916,0
2017-9-3,5a88ae836514d52c7774b536,21.76,Weigel's,5541,3815,Western Avenue,Knoxville,TN,37921,0
2017-9-4,5a88ae836514d52c7774b536,21.58,Weigel's,5541,3815,Western Avenue,Knoxville,TN,37921,0
2017-9-6,5a88ae836514d52c7774b536,21.85,Weigel's,5541,3815,Western Avenue,Knoxville,TN,37921,0
2017-9-6,5a88bad36514d52c7774b545,10.00,Netflix,7829,100,Winchester Circle,Los Gatos,CA,95032,0
2017-9-7,5a88b0b86514d52c7774b539,6.54,17th Street Deli,5814,115,17th Street,Knoxville,TN,37916,0
2017-9-7,5a88b1196514d52c7774b53a,17.72,O'Charley's,5812,8077,Kingston Pike,Knoxville,TN,37919,0
2017-9-8,5a88aafd6514d52c7774b52e,49.32,Walmart,5144,2501,University Commons Way,Knoxville,TN,37919,0
2017-9-8,5a88b0b86514d52c7774b539,7.06,17th Street Deli,5814,115,17th Street,Knoxville,TN,37916,0
2017-9-9,5a88aafd6514d52c7774b52e,27.10,Walmart,5144,2501,University Commons Way,Knoxville,TN,37919,0
2017-9-9,5a88b1196514d52c7774b53a,16.72,O'Charley's,5812,8077,Kingston Pike,Knoxville,TN,37919,0
2017-9-9,5a88abc26514d52c7774b530,78.15,Target,5144,11100,Parkside Drive,Knoxville,TN,37934,0
2017-9-10,5a88b3cd6514d52c7774b53e,3.27,Amazon,5144,410,Terry Avenue,Seattle,WA,98109,0
2017-9-12,5a88b3cd6514d52c7774b53e,56.02,Amazon,5144,410,Terry Avenue,Seattle,WA,98109,0
2017-9-12,5a88b0b86514d52c7774b539,5.73,17th Street Deli,5814,115,17th Street,Knoxville,TN,37916,0
2017-9-13,5a88afc26514d52c7774b538,12.25,Regal Cinema,7832,510,Gay Street,Knoxville,TN,37902,0
2017-9-15,5a88ac556514d52c7774b531,8.38,McDonald's,5814,1720,Cumberland Avenue,Knoxville,TN,37916,0
2017-9-15,5a88afc26514d52c7774b538,12.25,Regal Cinema,7832,510,Gay Street,Knoxville,TN,37902,0
2017-9-16,5a88b3cd6514d52c7774b53e,13.25,Amazon,5144,410,Terry Avenue,Seattle,WA,98109,0
2017-9-16,5a88afc26514d52c7774b538,12.25,Regal Cinema,7832,510,Gay Street,Knoxville,TN,37902,0
2017-9-16,5a88ae836514d52c7774b536,23.03,Weigel's,5541,3815,Western Avenue,Knoxville,TN,37921,0
2017-9-17,5a88ac556514d52c7774b531,9.03,McDonald's,5814,1720,Cumberland Avenue,Knoxville,TN,37916,0
2017-9-18,5a88b1196514d52c7774b53a,14.69,O'Charley's,5812,8077,Kingston Pike,Knoxville,TN,37919,0
2017-9-20,5a88aafd6514d52c7774b52e,2.23,Walmart,5144,2501,University Commons Way,Knoxville,TN,37919,0
2017-9-24,5a88b3cd6514d52c7774b53e,11.22,Amazon,5144,410,Terry Avenue,Seattle,WA,98109,0
2017-9-24,5a88ae836514d52c7774b536,21.24,Weigel's,5541,3815,Western Avenue,Knoxville,TN,37921,0
2017-9-25,5a88aafd6514d52c7774b52e,20.80,Walmart,5144,2501,University Commons Way,Knoxville,TN,37919,0
2017-9-27,5a88aafd6514d52c7774b52e,49.65,Walmart,5144,2501,University Commons Way,Knoxville,TN,37919,0
2017-9-27,5a88b3cd6514d52c7774b53e,69.03,Amazon,5144,410,Terry Avenue,Seattle,WA,98109,0
2017-9-27,5a88abc26514d52c7774b530,90.34,Target,5144,11100,Parkside Drive,Knoxville,TN,37934,0
2017-9-29,5a88aafd6514d52c7774b52e,54.53,Walmart,5144,2501,University Commons Way,Knoxville,TN,37919,0
2017-9-29,5a88afc26514d52c7774b538,12.25,Regal Cinema,7832,510,Gay Street,Knoxville,TN,37902,0
2017-10-1,5a88aafd6514d52c7774b52e,22.92,Walmart,5144,2501,University Commons Way,Knoxville,TN,37919,0
2017-10-1,5a88b1196514d52c7774b53a,11.42,O'Charley's,5812,8077,Kingston Pike,Knoxville,TN,37919,0
2017-10-1,5a88bb496514d52c7774b547,800.00,The Standard at Knoxville,6513,705,17th Street,Knoxville,TN,37916,0
2017-10-2,5a88b3cd6514d52c7774b53e,66.04,Amazon,5144,410,Terry Avenue,Seattle,WA,98109,0
2017-10-3,5a88ac556514d52c7774b531,7.07,McDonald's,5814,1720,Cumberland Avenue,Knoxville,TN,37916,0
2017-10-3,5a88ae836514d52c7774b536,21.26,Weigel's,5541,3815,Western Avenue,Knoxville,TN,37921,0
2017-10-4,5a88aafd6514d52c7774b52e,2.05,Walmart,5144,2501,University Commons Way,Knoxville,TN,37919,0
2017-10-4,5a88afc26514d52c7774b538,12.25,Regal Cinema,7832,510,Gay Street,Knoxville,TN,37902,0
2017-10-5,5a88b0b86514d52c7774b539,11.79,17th Street Deli,5814,115,17th Street,Knoxville,TN,37916,0
2017-10-5,5a88ae836514d52c7774b536,21.20,Weigel's,5541,3815,Western Avenue,Knoxville,TN,37921,0
2017-10-6,5a88abc26514d52c7774b530,8.67,Target,5144,11100,Parkside Drive,Knoxville,TN,37934,0
2017-10-6,5a88bad36514d52c7774b545,10.00,Netflix,7829,100,Winchester Circle,Los Gatos,CA,95032,0
2017-10-11,5a88afc26514d52c7774b538,12.25,Regal Cinema,7832,510,Gay Street,Knoxville,TN,37902,0
2017-10-13,5a88aafd6514d52c7774b52e,30.66,Walmart,5144,2501,University Commons Way,Knoxville,TN,37919,0
2017-10-13,5a88b1196514d52c7774b53a,16.74,O'Charley's,5812,8077,Kingston Pike,Knoxville,TN,37919,0
2017-10-14,5a88aafd6514d52c7774b52e,59.27,Walmart,5144,2501,University Commons Way,Knoxville,TN,37919,0
2017-10-14,5a88b3cd6514d52c7774b53e,2.94,Amazon,5144,410,Terry Avenue,Seattle,WA,98109,0
2017-10-14,5a88abc26514d52c7774b530,26.70,Target,5144,11100,Parkside Drive,Knoxville,TN,37934,0
2017-10-15,5a88aafd6514d52c7774b52e,32.39,Walmart,5144,2501,University Commons Way,Knoxville,TN,37919,0
2017-10-15,5a88b1196514d52c7774b53a,14.46,O'Charley's,5812,8077,Kingston Pike,Knoxville,TN,37919,0
2017-10-16,5a88aafd6514d52c7774b52e,25.31,Walmart,5144,2501,University Commons Way,Knoxville,TN,37919,0
2017-10-16,5a88ae836514d52c7774b536,21.75,Weigel's,5541,3815,Western Avenue,Knoxville,TN,37921,0
2017-10-17,5a88aafd6514d52c7774b52e,54.03,Walmart,5144,2501,University Commons Way,Knoxville,TN,37919,0
2017-10-17,5a88ac556514d52c7774b531,8.71,McDonald's,5814,1720,Cumberland Avenue,Knoxville,TN,37916,0
2017-10-18,5a88aafd6514d52c7774b52e,37.84,Walmart,5144,2501,University Commons Way,Knoxville,TN,37919,0
2017-10-18,5a88b1196514d52c7774b53a,18.04,O'Charley's,5812,8077,Kingston Pike,Knoxville,TN,37919,0
2017-10-18,5a88afc26514d52c7774b538,12.25,Regal Cinema,7832,510,Gay Street,Knoxville,TN,37902,0
2017-10-19,5a88b1196514d52c7774b53a,16.90,O'Charley's,5812,8077,Kingston Pike,Knoxville,TN,37919,0
2017-10-21,5a88ac556514d52c7774b531,8.73,McDonald's,5814,1720,Cumberland Avenue,Knoxville,TN,37916,0
2017-10-21,5a88b1196514d52c7774b53a,21.61,O'Charley's,5812,8077,Kingston Pike,Knoxville,TN,37919,0
2017-10-21,5a88abc26514d52c7774b530,39.20,Target,5144,11100,Parkside Drive,Knoxville,TN,37934,0
2017-10-22,5a88ac556514d52c7774b531,10.74,McDonald's,5814,1720,Cumberland Avenue,Knoxville,TN,37916,0
2017-10-23,5a88ac556514d52c7774b531,9.59,McDonald's,5814,1720,Cumberland Avenue,Knoxville,TN,37916,0
2017-10-23,5a88b3cd6514d52c7774b53e,11.00,Amazon,5144,410,Terry Avenue,Seattle,WA,98109,0
2017-10-23,5a88b0b86514d52c7774b539,7.10,17th Street Deli,5814,115,17th Street,Knoxville,TN,37916,0
2017-10-24,5a88aafd6514d52c7774b52e,23.28,Walmart,5144,2501,University Commons Way,Knoxville,TN,37919,0
2017-10-24,5a88b3cd6514d52c7774b53e,9.10,Amazon,5144,410,Terry Avenue,Seattle,WA,98109,0
2017-10-25,5a88aafd6514d52c7774b52e,35.64,Walmart,5144,2501,University Commons Way,Knoxville,TN,37919,0
2017-10-25,5a88ae836514d52c7774b536,21.76,Weigel's,5541,3815,Western Avenue,Knoxville,TN,37921,0
2017-10-25,5a88abc26514d52c7774b530,89.60,Target,5144,11100,Parkside Drive,Knoxville,TN,37934,0
2017-10-26,5a88afc26514d52c7774b538,12.25,Regal Cinema,7832,510,Gay Street,Knoxville,TN,37902,0
2017-10-26,5a88ae836514d52c7774b536,23.01,Weigel's,5541,3815,Western Avenue,Knoxville,TN,37921,0
2017-10-26,5a88abc26514d52c7774b530,76.24,Target,5144,11100,Parkside Drive,Knoxville,TN,37934,0
2017-10-27,5a88afc26514d52c7774b538,12.25,Regal Cinema,7832,510,Gay Street,Knoxville,TN,37902,0
2017-10-29,5a88ac556514d52c7774b531,13.34,McDonald's,5814,1720,Cumberland Avenue,Knoxville,TN,37916,0
2017-10-30,5a88b0b86514d52c7774b539,3.76,17th Street Deli,5814,115,17th Street,Knoxville,TN,37916,0
2017-11-1,5a88aafd6514d52c7774b52e,30.06,Walmart,5144,2501,University Commons Way,Knoxville,TN,37919,0
2017-11-1,5a88abc26514d52c7774b530,67.97,Target,5144,11100,Parkside Drive,Knoxville,TN,37934,0
2017-11-1,5a88bb496514d52c7774b547,800.00,The Standard at Knoxville,6513,705,17th Street,Knoxville,TN,37916,0
2017-11-2,5a88ac556514d52c7774b531,5.83,McDonald's,5814,1720,Cumberland Avenue,Knoxville,TN,37916,0
2017-11-3,5a88b1196514d52c7774b53a,14.96,O'Charley's,5812,8077,Kingston Pike,Knoxville,TN,37919,0
2017-11-4,5a88aafd6514d52c7774b52e,6.48,Walmart,5144,2501,University Commons Way,Knoxville,TN,37919,0
2017-11-5,5a88afc26514d52c7774b538,12.25,Regal Cinema,7832,510,Gay Street,Knoxville,TN,37902,0
2017-11-6,5a88aafd6514d52c7774b52e,21.69,Walmart,5144,2501,University Commons Way,Knoxville,TN,37919,0
2017-11-6,5a88bad36514d52c7774b545,10.00,Netflix,7829,100,Winchester Circle,Los Gatos,CA,95032,0
2017-11-8,5a88aafd6514d52c7774b52e,14.24,Walmart,5144,2501,University Commons Way,Knoxville,TN,37919,0
2017-11-8,5a88b0b86514d52c7774b539,2.52,17th Street Deli,5814,115,17th Street,Knoxville,TN,37916,0
2017-11-9,5a88ac556514d52c7774b531,9.88,McDonald's,5814,1720,Cumberland Avenue,Knoxville,TN,37916,0
2017-11-10,5a88ac556514d52c7774b531,9.78,McDonald's,5814,1720,Cumberland Avenue,Knoxville,TN,37916,0
2017-11-11,5a88aafd6514d52c7774b52e,19.51,Walmart,5144,2501,University Commons Way,Knoxville,TN,37919,0
2017-11-11,5a88b0b86514d52c7774b539,1.23,17th Street Deli,5814,115,17th Street,Knoxville,TN,37916,0
2017-11-11,5a88ae836514d52c7774b536,22.92,Weigel's,5541,3815,Western Avenue,Knoxville,TN,37921,0
2017-11-11,5a88abc26514d52c7774b530,49.01,Target,5144,11100,Parkside Drive,Knoxville,TN,37934,0
2017-11-12,5a88aafd6514d52c7774b52e,37.66,Walmart,5144,2501,University Commons Way,Knoxville,TN,37919,0
2017-11-13,5a88ae836514d52c7774b536,22.61,Weigel's,5541,3815,Western Avenue,Knoxville,TN,37921,0
2017-11-14,5a88b3cd6514d52c7774b53e,103.17,Amazon,5144,410,Terry Avenue,Seattle,WA,98109,0
2017-11-14,5a88b1196514d52c7774b53a,14.95,O'Charley's,5812,8077,Kingston Pike,Knoxville,TN,37919,0
2017-11-15,5a88ac556514d52c7774b531,5.11,McDonald's,5814,1720,Cumberland Avenue,Knoxville,TN,37916,0
2017-11-16,5a88ac556514d52c7774b531,11.78,McDonald's,5814,1720,Cumberland Avenue,Knoxville,TN,37916,0
2017-11-18,5a88aafd6514d52c7774b52e,39.06,Walmart,5144,2501,University Commons Way,Knoxville,TN,37919,0
2017-11-21,5a88aafd6514d52c7774b52e,56.42,Walmart,5144,2501,University Commons Way,Knoxville,TN,37919,0
2017-11-22,5a88afc26514d52c7774b538,12.25,Regal Cinema,7832,510,Gay Street,Knoxville,TN,37902,0
2017-11-23,5a88ac556514d52c7774b531,6.11,McDonald's,5814,1720,Cumberland Avenue,Knoxville,TN,37916,0
2017-11-23,5a88b0b86514d52c7774b539,7.91,17th Street Deli,5814,115,17th Street,Knoxville,TN,37916,0
2017-11-24,5a88ae836514d52c7774b536,23.11,Weigel's,5541,3815,Western Avenue,Knoxville,TN,37921,0
2017-11-25,5a88b0b86514d52c7774b539,5.15,17th Street Deli,5814,115,17th Street,Knoxville,TN,37916,0
2017-11-26,5a88aafd6514d52c7774b52e,52.13,Walmart,5144,2501,University Commons Way,Knoxville,TN,37919,0
2017-11-26,5a88b0b86514d52c7774b539,7.40,17th Street Deli,5814,115,17th Street,Knoxville,TN,37916,0
2017-11-26,5a88afc26514d52c7774b538,12.25,Regal Cinema,7832,510,Gay Street,Knoxville,TN,37902,0
2017-11-28,5a88aafd6514d52c7774b52e,56.17,Walmart,5144,2501,University Commons Way,Knoxville,TN,37919,0
2017-11-28,5a88ae836514d52c7774b536,21.70,Weigel's,5541,3815,Western Avenue,Knoxville,TN,37921,0
2017-11-29,5a88aafd6514d52c7774b52e,29.38,Walmart,5144,2501,University Commons Way,Knoxville,TN,37919,0
2017-11-29,5a88b0b86514d52c7774b539,3.80,17th Street Deli,5814,115,17th Street,Knoxville,TN,37916,0
2017-11-30,5a88abc26514d52c7774b530,62.82,Target,5144,11100,Parkside Drive,Knoxville,TN,37934,0
2017-12-1,5a88b0b86514d52c7774b539,6.83,17th Street Deli,5814,115,17th Street,Knoxville,TN,37916,0
2017-12-1,5a88bb496514d52c7774b547,800.00,The Standard at Knoxville,6513,705,17th Street,Knoxville,TN,37916,0
2017-12-2,5a88aafd6514d52c7774b52e,59.38,Walmart,5144,2501,University Commons Way,Knoxville,TN,37919,0
2017-12-2,5a88ae836514d52c7774b536,20.71,Weigel's,5541,3815,Western Avenue,Knoxville,TN,37921,0
2017-12-4,5a88aafd6514d52c7774b52e,36.44,Walmart,5144,2501,University Commons Way,Knoxville,TN,37919,0
2017-12-6,5a88aafd6514d52c7774b52e,10.34,Walmart,5144,2501,University Commons Way,Knoxville,TN,37919,0
2017-12-6,5a88ae836514d52c7774b536,23.48,Weigel's,5541,3815,Western Avenue,Knoxville,TN,37921,0
2017-12-6,5a88bad36514d52c7774b545,10.00,Netflix,7829,100,Winchester Circle,Los Gatos,CA,95032,0
2017-12-7,5a88abc26514d52c7774b530,45.19,Target,5144,11100,Parkside Drive,Knoxville,TN,37934,0
2017-12-8,5a88ac556514d52c7774b531,4.25,McDonald's,5814,1720,Cumberland Avenue,Knoxville,TN,37916,0
2017-12-8,5a88b3cd6514d52c7774b53e,63.08,Amazon,5144,410,Terry Avenue,Seattle,WA,98109,0
2017-12-9,5a88b0b86514d52c7774b539,5.86,17th Street Deli,5814,115,17th Street,Knoxville,TN,37916,0
2017-12-9,5a88abc26514d52c7774b530,117.45,Target,5144,11100,Parkside Drive,Knoxville,TN,37934,0
2017-12-11,5a88aafd6514d52c7774b52e,35.17,Walmart,5144,2501,University Commons Way,Knoxville,TN,37919,0
2017-12-11,5a88afc26514d52c7774b538,12.25,Regal Cinema,7832,510,Gay Street,Knoxville,TN,37902,0
2017-12-12,5a88afc26514d52c7774b538,12.25,Regal Cinema,7832,510,Gay Street,Knoxville,TN,37902,0
2017-12-13,5a88ac556514d52c7774b531,13.88,McDonald's,5814,1720,Cumberland Avenue,Knoxville,TN,37916,0
2017-12-15,5a88aafd6514d52c7774b52e,24.92,Walmart,5144,2501,University Commons Way,Knoxville,TN,37919,0
2017-12-17,5a88aafd6514d52c7774b52e,10.41,Walmart,5144,2501,University Commons Way,Knoxville,TN,37919,0
2017-12-18,5a88ac556514d52c7774b531,3.04,McDonald's,5814,1720,Cumberland Avenue,Knoxville,TN,37916,0
2017-12-22,5a88aafd6514d52c7774b52e,27.06,Walmart,5144,2501,University Commons Way,Knoxville,TN,37919,0
2017-12-24,5a88b0b86514d52c7774b539,8.31,17th Street Deli,5814,115,17th Street,Knoxville,TN,37916,0
2017-12-25,5a88ae836514d52c7774b536,21.75,Weigel's,5541,3815,Western Avenue,Knoxville,TN,37921,0
2017-12-26,5a88afc26514d52c7774b538,12.25,Regal Cinema,7832,510,Gay Street,Knoxville,TN,37902,0
2017-12-26,5a88ae836514d52c7774b536,20.22,Weigel's,5541,3815,Western Avenue,Knoxville,TN,37921,0
2017-12-28,5a88aafd6514d52c7774b52e,41.83,Walmart,5144,2501,University Commons Way,Knoxville,TN,37919,0
2017-12-29,5a88aafd6514d52c7774b52e,64.91,Walmart,5144,2501,University Commons Way,Knoxville,TN,37919,0
2017-12-30,5a88ac556514d52c7774b531,7.83,McDonald's,5814,1720,Cumberland Avenue,Knoxville,TN,37916,0
2017-12-30,5a88b0b86514d52c7774b539,8.04,17th Street Deli,5814,115,17th Street,Knoxville,TN,37916,0
2017-12-30,5a88b1196514d52c7774b53a,21.34,O'Charley's,5812,8077,Kingston Pike,Knoxville,TN,37919,0
2017-2-10,5a88b5226514d52c7774b540,30.87,North Korea Missile Program,1234,1,Kim Jong-un Way,Pyongyang,NK,11111,1
2017-5-9,5a88ac556514d52c7774b531,492.42,McDonald's,5814,1720,Cumberland Avenue,Knoxville,TN,37916,1
2017-7-27,5a88abc26514d52c7774b530,1300.76,Target,5144,11100,Parkside Drive,Knoxville,TN,37934,1
2017-10-1,5a88b58d6514d52c7774b541,10.99,McDonald's,5814,1919,Davis Street,San Leandro,CA,94577,1
